symbol,name,rating,market weight,max_market_cap_in_billions
ARWR,"Arrowhead Pharmaceuticals, Inc.",Buy,0.010042541,9274332413.778763
AXSM,"Axsome Therapeutics, Inc.",Strong Buy,0.009909342,9151323089.885101
PCVX,"Vaxcyte, Inc.",Strong Buy,0.009699761,8957774165.059544
PRAX,"Praxis Precision Medicines, Inc.",Strong Buy,0.009657722,8918950487.939209
TECH,Bio-Techne Corporation,Buy,0.009414257,8694109388.694244
NUVL,"Nuvalent, Inc.",Strong Buy,0.008903639,8222551846.685944
CYTK,"Cytokinetics, Incorporated",Buy,0.008614018,7955085253.09433
HALO,"Halozyme Therapeutics, Inc.",Buy,0.008605541,7947256260.932922
IBRX,"ImmunityBio, Inc.",Strong Buy,0.008364583,7724731048.657534
KRYS,"Krystal Biotech, Inc.",Strong Buy,0.008233999,7604135868.924622
MTSR,"Metsera, Inc.",Buy,0.00804438,7429021324.5
KYMR,"Kymera Therapeutics, Inc.",Strong Buy,0.007722174,7131462991.323593
ACLX,"Arcellx, Inc.",Hold,0.0072695715,6713482596.066223
PTGX,"Protagonist Therapeutics, Inc.",Strong Buy,0.007191659,6641530146.441376
APGE,"Apogee Therapeutics, Inc.",Strong Buy,0.0069887997,6454188773.660629
TERN,"Terns Pharmaceuticals, Inc.",Hold,0.0065685953,6066128042.016174
COGT,"Cogent Biosciences, Inc.",Strong Buy,0.006564379,6062234179.336395
CELC,Celcuity Inc.,Strong Buy,0.0065237177,6024683142.497635
MIRM,"Mirum Pharmaceuticals, Inc.",Strong Buy,0.006465374,5970802818.001999
RYTM,"Rhythm Pharmaceuticals, Inc.",Strong Buy,0.0063685556,5881390221.519539
PTCT,"PTC Therapeutics, Inc.",Buy,0.006350363,5864589494.1957855
CGON,"CG Oncology, Inc.",Strong Buy,0.0062683793,5788877105.859375
SRRK,Scholar Rock Holding Corporation,Strong Buy,0.0061191893,5651099334.472076
XENE,Xenon Pharmaceuticals Inc.,Strong Buy,0.0060541956,5591077260.371029
TGTX,"TG Therapeutics, Inc.",Buy,0.0059880638,5530004475.845459
CAI,"Caris Life Sciences, Inc.",Strong Buy,0.0058749407,5425534660.391369
ERAS,"Erasca, Inc.",Buy,0.005842397,5395480325.616989
IMVT,"Immunovant, Inc.",Buy,0.005653031,5220600339.358635
APLS,"Apellis Pharmaceuticals, Inc.",Hold,0.005627219,5196762535.87085
CRSP,CRISPR Therapeutics AG,Buy,0.0053755664,4964360453.80957
DNTH,"Dianthus Therapeutics, Inc.",Strong Buy,0.0052546263,4852671613.319702
FOLD,"Amicus Therapeutics, Inc.",Hold,0.0049199434,4543590386.487236
CORT,Corcept Therapeutics Incorporated,Buy,0.004866573,4494302345.0
CRNX,"Crinetics Pharmaceuticals, Inc.",Strong Buy,0.0044931797,4149472339.737358
OGN,Organon & Co.,Hold,0.0006452798,1798781101.778984
SCLX,Scilex Holding Company,Hold,1.7685961e-05,49301359.64972687
ALKS,Alkermes plc,Strong Buy,0.030451508,5819415425.054855
LNTH,"Lantheus Holdings, Inc.",Strong Buy,0.027740367,5301304656.4377365
HIMS,"Hims & Hers Health, Inc.",Hold,0.023556715,4501790628.5
AMRX,"Amneal Pharmaceuticals, Inc.",Buy,0.021366272,4083187465.6442337
INDV,"Indivior Pharmaceuticals, Inc.",Strong Buy,0.021144774,4040858140.770973
KNSA,"Kiniksa Pharmaceuticals International, plc",Strong Buy,0.018955192,3622419533.550461
LQDA,Liquidia Corporation,Buy,0.018590754,3552773750.3896103
SUPN,"Supernus Pharmaceuticals, Inc.",Strong Buy,0.015517482,2965458168.0
PBH,Prestige Consumer Healthcare Inc.,Strong Buy,0.014281456,2729248383.652584
BCRX,"BioCryst Pharmaceuticals, Inc.",Strong Buy,0.012979392,2480418217.9055595
PAHC,Phibro Animal Health Corporation,Hold,0.012533448,2395196374.625107
AVDL,Avadel Pharmaceuticals PLC,Hold,0.011114336,2123997832.44
AMLX,"Amylyx Pharmaceuticals, Inc.",Strong Buy,0.010018086,1914499836.3468018
DVAX,Dynavax Technologies Corp,Strong Buy,0.009524048,1820087019.5
ANIP,"ANI Pharmaceuticals, Inc.",Buy,0.009417878,1799797569.812622
PRGO,Perrigo Company plc,Buy,0.007635008,1459083194.309061
HROW,"Harrow, Inc.",Strong Buy,0.0072645955,1388295733.534813
COLL,"Collegium Pharmaceutical, Inc.",Buy,0.0059776017,1142345657.25
PCRX,"Pacira BioSciences, Inc.",Buy,0.0053623416,1024766757.3709488
AMPH,"Amphastar Pharmaceuticals, Inc.",Buy,0.0050183157,959021909.9445992
BIOA,"BioAge Labs, Inc.",Buy,0.004131334,789515846.5008774
TLRY,"Tilray Brands, Inc.",Hold,0.0040983213,783206990.9071174
ETON,"Eton Pharmaceuticals, Inc.",Strong Buy,0.0038691412,739409716.5082073
EBS,Emergent BioSolutions Inc.,Strong Buy,0.0022891355,437463740.2254925
ANIK,"Anika Therapeutics, Inc.",Strong Buy,0.00114854,219490972.2508812
DERM,Journey Medical Corporation,Strong Buy,0.0009031804,172601693.62295723
ASRT,"Assertio Holdings, Inc.",Strong Buy,0.00060774025,116141804.17036057
